date,diesel_now,e10_now,diesel_next,e10_next,next_effective,diesel_pred_dir,diesel_pred_ct,diesel_pred_day,e10_pred_dir,e10_pred_ct,e10_pred_day,diesel_product_eur_per_1000l,e10_product_eur_per_1000l,crude_usd
2026-03-08,,,,,,,,,,,,,,
2026-03-09,,,,,,,,,,,,,,100
2026-03-10,1.923,1.677,,,,up,,2026-03-12,up,,2026-03-13/2026-03-14,,,90
2026-03-11,,1.677,2.018,,2026-03-12,,,,up,,2026-03-13/2026-03-14,,,90
2026-03-11,,1.677,1.979,,2026-03-12,,,,up,,2026-03-13/2026-03-14,,,90
2026-03-12,,,,1.750,2026-03-13,,,,,,,,,100
2026-03-16,,,,,,up,8,2026-03-18/2026-03-19,up,6,2026-03-19,,,100
2026-03-17,,,2.107,,2026-03-18,,,,up,9,2026-03-19,,,103
2026-03-19,2.107,1.836,,,,up,,2026-03-24,up,,2026-03-26,,,110
2026-03-20,2.107,1.836,,,,up,,2026-03-24,up,,2026-03-25/2026-03-26,,,110
2026-03-21,2.107,1.836,2.289,1.863,2026-03-22,,,,,,,,,110
2026-03-25,,,,,,down_conditional,,2026-03-27,,,,,,95
2026-03-26,,,,,2026-03-27,,,,,,,,,100
2026-03-27,2.163,1.863,,,,up,,2026-03-31,up,,2026-03-31,,,100
2026-03-30,2.163,1.863,2.333,1.920,2026-03-31,,,,up,,,,,105
2026-03-31,2.335,1.922,,,,,,,up,,,,,108
2026-04-02,,,2.321,1.901,2026-04-03,,,,up,,,,,108
2026-04-03,2.321,1.901,,,,up,,2026-04-07/2026-04-08,up,,2026-04-07/2026-04-08,,,109
2026-04-06,2.321,1.901,,,,up,,2026-04-08,up,,2026-04-08,,,110
2026-04-07,,,2.489,1.945,2026-04-08,,,,,,,,,110
2026-04-08,2.489,1.945,,,,down,,2026-04-10,,,,,,95
2026-04-09,,,2.180,1.848,2026-04-10,,,,,,,,,98
2026-04-10,2.180,1.848,,,,up,12.5,,up,3.6,,,,98
2026-04-13,,,2.220,1.881,2026-04-14,,,,,,,,,
2026-04-17,,1.864,2.183,,2026-04-18,,,,,,,,,97
2026-04-20,,,,,,down_conditional,,2026-04-22,up_conditional,,2026-04-22,,,97
2026-04-21,,,2.061,,2026-04-22,,,,up,,,,,95
2026-04-22,2.061,1.864,,,,up,,2026-04-24,up_conditional,,,,,100
2026-04-23,,1.864,2.157,,2026-04-24,,,,up,,2026-04-25,,,103
2026-04-24,2.157,,,1.923,2026-04-25,,,,,,,,,105
2026-04-27,2.157,1.923,,,,up,,,flat,,,,,101
2026-04-28,2.157,1.923,,,,up,,2026-05-01,,,,,,102
2026-04-30,2.157,1.923,2.245,,2026-05-01,,,,up,,2026-05-05,,,113
2026-05-04,2.245,1.923,,1.997,2026-05-05,,,,,,,,,108
2026-05-05,2.245,1.997,,,,down_conditional,,2026-05-07,,,,,,110
2026-05-06,2.245,1.997,2.231,,2026-05-07,,,,,,,,,108
2026-05-07,2.231,1.997,2.137,,2026-05-08,,,,down,,2026-05-09/2026-05-12,,,
2026-05-08,2.137,1.997,,1.937,2026-05-09,,,,,,,,,100
2026-05-11,2.137,1.937,,,,up,,2026-05-13,up,,2026-05-13,,,105
2026-05-12,2.137,1.937,,1.971,2026-05-13,,,,,,,,,105
2026-05-13,2.137,1.971,2.178,,2026-05-14,,,,,,,,,107
2026-05-15,2.178,1.971,2.116,,2026-05-16,,,,,,,,,108
2026-05-18,2.116,1.971,,,,up,,2026-05-20,up,,2026-05-20/2026-05-21,,,110
2026-05-19,,,2.192,2.015,2026-05-20,,,,,,,,,110
2026-05-20,2.192,2.015,,,,down_conditional,,2026-05-22,,,,,,110
2026-05-21,2.174,2.015,2.141,,2026-05-22,,,,down,,2026-05-23,,,104
2026-05-26,2.141,1.974,,,,down,,2026-05-29,down,,2026-05-30,,,95
2026-05-27,2.141,1.974,,,2026-05-29,down,6,2026-05-29,down,6,2026-05-29,,,95
2026-05-28,2.141,1.974,2.038,1.856,2026-05-29,,,,,,,,,93
2026-06-03,2.080,1.874,,,,,,,,,,,,97
2026-06-04,2.080,1.874,,,,,,,,,,,,96
2026-06-05,2.080,1.874,2.065,,2026-06-06,,,,,,,,,94
2026-06-10,2.065,1.874,,,,down,,2026-06-12/2026-06-13,down,,2026-06-12/2026-06-13,,,92
2026-06-15,2.065,1.874,1.981,,2026-06-16,,,,down,,2026-06-17,,,83
2026-06-17,,1.819,,,,down,,2026-06-20,,,,,,79
2026-06-18,1.981,1.819,,,,down_conditional,,2026-06-20,down,,2026-06-24,,,78
2026-06-19,,1.819,1.903,,2026-06-20,,,,down,,2026-06-24/2026-06-25,,,80
2026-06-22,1.903,1.819,,,,up_conditional,,2026-06-24,flat,,,754,,78
2026-06-23,1.903,1.819,,,,,,,flat,,,733,,76
2026-06-24,,1.819,1.921,,2026-06-25,,,,down_conditional,,2026-06-26,739,,75
2026-06-25,1.921,,,1.803,2026-06-26,,,,,,,,,73
2026-06-30,1.921,1.803,1.928,1.811,2026-07-01,up,,2026-07-02/2026-07-03,up,,2026-07-02/2026-07-03,,,73
2026-07-01,1.928,1.811,1.967,,2026-07-02,,,,up,,2026-07-03,,,73
2026-07-02,1.967,1.811,,1.850,2026-07-03,,,,,,,,,71
2026-07-06,1.967,1.850,,,,,,,,,,,,72
2026-07-07,1.967,1.850,,,,up,,2026-07-10,up,,2026-07-11/2026-07-14,,,73
2026-07-08,1.967,1.850,,,,up,,2026-07-10,up,,2026-07-11,,,75
2026-07-09,1.967,1.850,2.102,1.909,2026-07-10,,,,,,,,,78
2026-07-10,2.102,1.909,,,,down,,2026-07-14,down,,2026-07-14/2026-07-15,,,76
2026-07-15,,1.884,2.145,,2026-07-16,,,,,,,,,85
2026-07-16,2.145,1.884,,1.937,2026-07-17,,,,,,,,,85
2026-07-17,2.145,1.937,,,,,,,,,,,,85
2026-07-20,2.145,1.937,,,,up,,2026-07-23,up,,2026-07-23,,,90
2026-07-22,2.145,1.937,2.230,,2026-07-23,,,,up,,2026-07-24,,,94
2026-07-23,2.230,1.937,,1.957,2026-07-24,,,,,,,,,96
2026-07-24,2.230,1.937,,,,up,,2026-07-28,up,,2026-07-28/2026-07-29,,,99
2026-07-27,2.230,1.937,,,,,,,,,,,,87
2026-07-28,2.230,1.937,2.253,,2026-07-29,,,,,,,,,84
2026-07-29,2.253,1.937,,,,,,,,,,,,84
2026-07-30,2.253,1.937,,,,up,,2026-08-01,,,,,,89
2026-07-31,2.253,1.957,2.289,,2026-08-01,,,,flat,,,,,86
2026-08-03,2.289,1.957,,,,,,,down,,2026-08-05,,,83
2026-08-04,2.289,1.957,2.211,1.866,2026-08-05,,,,,,,,,85
2026-08-05,2.211,1.866,,,,,,,,,,,,80
2026-08-10,2.211,1.866,,,,down_conditional,,2026-08-12,flat,,,,,83
2026-08-14,2.211,1.936,2.283,,2026-08-15,,,,,,,,,88
2026-08-18,2.283,1.936,,,,up,,2026-08-21/2026-08-22,flat,,,,,90
2026-08-19,2.283,1.936,,,,up,,2026-08-21,flat,,,,,91
2026-08-20,2.283,1.936,2.315,,2026-08-21,,,,up_conditional,,2026-08-22/2026-08-25,,,93
2026-08-21,2.315,1.936,,,,down_conditional,,2026-08-25,up_conditional,,2026-08-25,1046,768,93
2026-08-24,2.315,1.936,,1.966,2026-08-25,down_conditional,,2026-08-26,,,,1048,,91
2026-08-25,2.315,1.966,2.241,,2026-08-26,,,,,,,998,,
2026-08-27,2.241,1.966,,,,flat,,,down_conditional,,2026-08-29,,758,87
2026-08-28,2.241,1.966,,,,down_conditional,,2026-09-02,flat,,,966,787,88
2026-08-31,2.241,1.966,,,,flat,,,up,,2026-09-02/2026-09-03,1066,812,90
2026-09-01,2.241,1.966,,,,flat,,,up,,2026-09-03,,,92
2026-09-02,2.241,1.966,2.386,2.058,2026-09-03,,,,,,,,,95
2026-09-03,2.386,2.058,,,,,,,,,,1124,874,95
2026-09-07,2.386,2.058,2.356,,2026-09-08,,,,up,,2026-09-10,,,97
2026-09-08,2.356,2.058,,,,up,,2026-09-10/2026-09-11,up,,,1132,856,99
2026-09-09,2.356,2.058,,,,up,,2026-09-11,up_conditional,,,1117,852,100
2026-09-10,2.356,2.058,2.407,,2026-09-11,,,,down_conditional,,2026-09-15,,806,100
2026-09-11,2.407,2.058,,,,up,,2026-09-16,down,,2026-09-15,1201,815,106
2026-09-15,2.407,2.058,2.468,,2026-09-16,,,,up,,2026-09-17/2026-09-18,,,107
2026-09-16,2.468,2.058,,,,up,,2026-09-19,up,,2026-09-19,1235,878,107
2026-09-17,2.468,2.058,,,,flat,,2026-09-19,flat,,2026-09-19,1213,864,104
2026-09-18,2.468,2.058,,,,up_conditional,,2026-09-22,up_conditional,,2026-09-22,1195,863,102
2026-09-21,2.468,2.058,2.501,,2026-09-22,up,3.3,2026-09-22,,,,1213,857,102
2026-09-22,2.501,2.058,,,,down,8,2026-09-24,,,,1145,850,101
2026-09-23,2.501,2.058,2.405,,2026-09-24,down,10,2026-09-24,,,,,,100
2026-09-24,2.405,2.058,,,,up,,2026-09-26,,,,,,105
2026-09-25,2.405,2.058,2.494,2.108,2026-09-26,up,8.9,2026-09-26,up,5.0,2026-09-26,,,106
2026-09-28,2.494,2.108,,,,down,,2026-09-30,down,,2026-09-30,,,99
2026-09-29,2.494,2.108,2.423,2.011,2026-09-30,down,7.1,2026-09-30,down,9.7,2026-09-30,,,99
2026-09-30,2.423,2.011,2.432,2.021,2026-10-01,down,,2026-10-03,down,,2026-10-03,,,97
2026-10-01,2.432,2.021,2.432,2.065,2026-10-02,up,,2026-10-03,,,,,,100
2026-10-02,2.432,2.065,,,,up,,2026-10-06,,,,,,101
2026-10-05,2.432,2.065,,,,down,,2026-10-07,,,,1095,,101
2026-10-06,2.432,2.065,2.392,,2026-10-07,,,,,,,,,99
